Gene stable ID,HGNC symbol
ENSG00000127837,AAMP
ENSG00000179869,ABCA13
ENSG00000107331,ABCA2
ENSG00000100997,ABHD12
ENSG00000108798,ABI3
ENSG00000114626,ABTB1
ENSG00000159640,ACE
ENSG00000177076,ACER2
ENSG00000100412,ACO2
ENSG00000161533,ACOX1
ENSG00000087008,ACOX3
ENSG00000014257,ACPP
ENSG00000130402,ACTN4
ENSG00000282844,ACTN4
ENSG00000139567,ACVRL1
ENSG00000132744,ACY3
ENSG00000143537,ADAM15
ENSG00000151651,ADAM8
ENSG00000154736,ADAMTS5
ENSG00000184060,ADAP2
ENSG00000164742,ADCY1
ENSG00000174837,ADGRE1
ENSG00000205336,ADGRG1
ENSG00000117114,ADGRL2
ENSG00000162618,ADGRL4
ENSG00000159346,ADIPOR1
ENSG00000148926,ADM
ENSG00000043591,ADRB1
ENSG00000106624,AEBP1
ENSG00000237727,AIF1
ENSG00000204472,AIF1
ENSG00000206428,AIF1
ENSG00000234836,AIF1
ENSG00000235588,AIF1
ENSG00000235985,AIF1
ENSG00000106992,AK1
ENSG00000162433,AK4
ENSG00000117448,AKR1A1
ENSG00000166971,AKTIP
ENSG00000119711,ALDH6A1
ENSG00000132965,ALOX5AP
ENSG00000166025,AMOTL1
ENSG00000136859,ANGPTL2
ENSG00000135046,ANXA1
ENSG00000138772,ANXA3
ENSG00000182287,AP1S2
ENSG00000163697,APBB2
ENSG00000248329,APELA
ENSG00000105290,APLP1
ENSG00000111701,APOBEC1
ENSG00000130203,APOE
ENSG00000240583,AQP1
ENSG00000167580,AQP2
ENSG00000165272,AQP3
ENSG00000078061,ARAF
ENSG00000081181,ARG2
ENSG00000134884,ARGLU1
ENSG00000088756,ARHGAP28
ENSG00000031081,ARHGAP31
ENSG00000198844,ARHGEF15
ENSG00000130762,ARHGEF16
ENSG00000110237,ARHGEF17
ENSG00000104880,ARHGEF18
ENSG00000150347,ARID5B
ENSG00000213465,ARL2
ENSG00000175906,ARL4D
ENSG00000141748,ARL5C
ENSG00000099889,ARVCF
ENSG00000104763,ASAH1
ENSG00000126522,ASL
ENSG00000204653,ASPDH
ENSG00000244617,ASPRV1
ENSG00000130707,ASS1
ENSG00000133657,ATP13A3
ENSG00000147614,ATP6V0D2
ENSG00000263014,ATP6V1G3
ENSG00000151418,ATP6V1G3
ENSG00000126895,AVPR2
ENSG00000167601,AXL
ENSG00000162630,B3GALT2
ENSG00000128298,BAIAP2L2
ENSG00000153064,BANK1
ENSG00000176788,BASP1
ENSG00000187244,BCAM
ENSG00000127152,BCL11B
ENSG00000164039,BDH2
ENSG00000095585,BLNK
ENSG00000204217,BMPR2
ENSG00000109743,BST1
ENSG00000159388,BTG2
ENSG00000186265,BTLA
ENSG00000173372,C1QA
ENSG00000173369,C1QB
ENSG00000159189,C1QC
ENSG00000173918,C1QTNF1
ENSG00000163145,C1QTNF7
ENSG00000171860,C3AR1
ENSG00000197405,C5AR1
ENSG00000182985,CADM1
ENSG00000105767,CADM4
ENSG00000104327,CALB1
ENSG00000064989,CALCRL
ENSG00000122786,CALD1
ENSG00000143933,CALM2
ENSG00000129007,CALML4
ENSG00000131236,CAP1
ENSG00000100065,CARD10
ENSG00000165233,CARD19
ENSG00000177303,CASKIN2
ENSG00000121691,CAT
ENSG00000105974,CAV1
ENSG00000105971,CAV2
ENSG00000159884,CCDC107
ENSG00000175602,CCDC85B
ENSG00000115355,CCDC88A
ENSG00000278567,CCL3
ENSG00000277632,CCL3
ENSG00000274221,CCL3
ENSG00000271503,CCL5
ENSG00000274233,CCL5
ENSG00000118971,CCND2
ENSG00000163823,CCR1
ENSG00000121807,CCR2
ENSG00000121797,CCRL2
ENSG00000177697,CD151
ENSG00000204936,CD177
ENSG00000177455,CD19
ENSG00000091972,CD200
ENSG00000012124,CD22
ENSG00000198087,CD2AP
ENSG00000167851,CD300A
ENSG00000186407,CD300E
ENSG00000204345,CD300LD
ENSG00000186074,CD300LF
ENSG00000161649,CD300LG
ENSG00000174059,CD34
ENSG00000104894,CD37
ENSG00000004468,CD38
ENSG00000137101,CD72
ENSG00000019582,CD74
ENSG00000105369,CD79A
ENSG00000007312,CD79B
ENSG00000110651,CD81
ENSG00000112149,CD83
ENSG00000114013,CD86
ENSG00000125810,CD93
ENSG00000158825,CDA
ENSG00000079335,CDC14A
ENSG00000198752,CDC42BPB
ENSG00000149798,CDC42EP2
ENSG00000166589,CDH16
ENSG00000179776,CDH5
ENSG00000167797,CDK2AP2
ENSG00000105810,CDK6
ENSG00000124762,CDKN1A
ENSG00000273707,CDKN1C
ENSG00000129757,CDKN1C
ENSG00000129596,CDO1
ENSG00000139610,CELA1
ENSG00000143126,CELSR2
ENSG00000000971,CFH
ENSG00000126759,CFP
ENSG00000128849,CGNL1
ENSG00000250479,CHCHD10
ENSG00000273607,CHCHD10
ENSG00000111642,CHD4
ENSG00000175264,CHST1
ENSG00000131873,CHSY1
ENSG00000136026,CKAP4
ENSG00000166165,CKB
ENSG00000186510,CLCNKA
ENSG00000184908,CLCNKB
ENSG00000134873,CLDN10
ENSG00000106404,CLDN15
ENSG00000113946,CLDN16
ENSG00000164007,CLDN19
ENSG00000189143,CLDN4
ENSG00000184113,CLDN5
ENSG00000132514,CLEC10A
ENSG00000172322,CLEC12A
ENSG00000176435,CLEC14A
ENSG00000150048,CLEC1A
ENSG00000069493,CLEC2D
ENSG00000166527,CLEC4D
ENSG00000166523,CLEC4E
ENSG00000169583,CLIC3
ENSG00000169504,CLIC4
ENSG00000112782,CLIC5
ENSG00000092009,CMA1
ENSG00000153551,CMTM7
ENSG00000170293,CMTM8
ENSG00000133313,CNDP2
ENSG00000187955,COL14A1
ENSG00000204291,COL15A1
ENSG00000182871,COL18A1
ENSG00000164692,COL1A2
ENSG00000187498,COL4A1
ENSG00000134871,COL4A2
ENSG00000169031,COL4A3
ENSG00000081052,COL4A4
ENSG00000188153,COL4A5
ENSG00000188243,COMMD6
ENSG00000103647,CORO2B
ENSG00000104324,CPQ
ENSG00000177685,CRACR2B
ENSG00000148204,CRB2
ENSG00000182158,CREB3L2
ENSG00000146592,CREB5
ENSG00000184164,CRELD2
ENSG00000182809,CRIP2
ENSG00000105662,CRTC1
ENSG00000109846,CRYAB
ENSG00000119535,CSF3R
ENSG00000129170,CSRP3
ENSG00000101439,CST3
ENSG00000077984,CST7
ENSG00000118523,CTGF
ENSG00000119326,CTNNAL1
ENSG00000168036,CTNNB1
ENSG00000109861,CTSC
ENSG00000103811,CTSH
ENSG00000135047,CTSL
ENSG00000172543,CTSW
ENSG00000085733,CTTN
ENSG00000077063,CTTNBP2
ENSG00000109182,CWH43
ENSG00000006210,CX3CL1
ENSG00000168329,CX3CR1
ENSG00000161921,CXCL16
ENSG00000081041,CXCL2
ENSG00000180871,CXCR2
ENSG00000172215,CXCR6
ENSG00000172115,CYCS
ENSG00000055163,CYFIP2
ENSG00000119004,CYP20A1
ENSG00000130649,CYP2E1
ENSG00000100055,CYTH4
ENSG00000115165,CYTIP
ENSG00000166265,CYYR1
ENSG00000146122,DAAM2
ENSG00000276644,DACH1
ENSG00000173402,DAG1
ENSG00000035664,DAPK2
ENSG00000233076,DDAH2
ENSG00000213722,DDAH2
ENSG00000227317,DDAH2
ENSG00000226634,DDAH2
ENSG00000225635,DDAH2
ENSG00000206395,DDAH2
ENSG00000228128,DDAH2
ENSG00000145358,DDIT4L
ENSG00000181418,DDN
ENSG00000110367,DDX6
ENSG00000143753,DEGS1
ENSG00000072849,DERL2
ENSG00000099958,DERL3
ENSG00000274437,DERL3
ENSG00000185000,DGAT1
ENSG00000285482,DGAT1
ENSG00000100612,DHRS7
ENSG00000155011,DKK2
ENSG00000164741,DLC1
ENSG00000285265,DLC1
ENSG00000128917,DLL4
ENSG00000108176,DNAJC12
ENSG00000102580,DNAJC3
ENSG00000213918,DNASE1
ENSG00000013563,DNASE1L1
ENSG00000147459,DOCK5
ENSG00000130158,DOCK6
ENSG00000147443,DOK2
ENSG00000197635,DPP4
ENSG00000092964,DPYSL2
ENSG00000136048,DRAM1
ENSG00000120129,DUSP1
ENSG00000158050,DUSP2
ENSG00000108861,DUSP3
ENSG00000145088,EAF2
ENSG00000164330,EBF1
ENSG00000105246,EBI3
ENSG00000117298,ECE1
ENSG00000249751,ECSCR
ENSG00000134109,EDEM1
ENSG00000088298,EDEM2
ENSG00000136160,EDNRB
ENSG00000169242,EFNA1
ENSG00000090776,EFNB1
ENSG00000125266,EFNB2
ENSG00000138798,EGF
ENSG00000172889,EGFL7
ENSG00000024422,EHD2
ENSG00000013016,EHD3
ENSG00000149100,EIF3M
ENSG00000187840,EIF4EBP1
ENSG00000111145,ELK3
ENSG00000104412,EMC2
ENSG00000134153,EMC7
ENSG00000164035,EMCN
ENSG00000125746,EML2
ENSG00000135638,EMX1
ENSG00000106991,ENG
ENSG00000168913,ENHO
ENSG00000108515,ENO3
ENSG00000138792,ENPEP
ENSG00000112796,ENPP5
ENSG00000116016,EPAS1
ENSG00000196411,EPHB4
ENSG00000143819,EPHX1
ENSG00000120915,EPHX2
ENSG00000116285,ERRFI1
ENSG00000149564,ESAM
ENSG00000142694,EVA1B
ENSG00000283632,EXOC3L2
ENSG00000124491,F13A1
ENSG00000181104,F2R
ENSG00000185010,F8
ENSG00000121769,FABP3
ENSG00000170323,FABP4
ENSG00000103876,FAH
ENSG00000125898,FAM110A
ENSG00000138439,FAM117B
ENSG00000138640,FAM13A
ENSG00000183615,FAM167B
ENSG00000262666,FAM189B
ENSG00000160767,FAM189B
ENSG00000197872,FAM49A
ENSG00000153310,FAM49B
ENSG00000026103,FAS
ENSG00000083857,FAT1
ENSG00000165140,FBP1
ENSG00000072694,FCGR2B
ENSG00000137478,FCHSD2
ENSG00000162894,FCMR
ENSG00000132185,FCRLA
ENSG00000146192,FGD2
ENSG00000154783,FGD5
ENSG00000102678,FGF9
ENSG00000137440,FGFBP1
ENSG00000077782,FGFR1
ENSG00000000938,FGR
ENSG00000168386,FILIP1L
ENSG00000134285,FKBP11
ENSG00000088832,FKBP1A
ENSG00000196924,FLNA
ENSG00000102755,FLT1
ENSG00000094963,FMO2
ENSG00000115414,FN1
ENSG00000187239,FNBP1
ENSG00000137942,FNBP1L
ENSG00000075420,FNDC3B
ENSG00000110195,FOLR1
ENSG00000170345,FOS
ENSG00000054598,FOXC1
ENSG00000176692,FOXC2
ENSG00000251493,FOXD1
ENSG00000167996,FTH1
ENSG00000172461,FUT9
ENSG00000150201,FXYD4
ENSG00000089327,FXYD5
ENSG00000137726,FXYD6
ENSG00000180340,FZD2
ENSG00000155760,FZD7
ENSG00000123689,G0S2
ENSG00000131482,G6PC
ENSG00000116717,GADD45A
ENSG00000130222,GADD45G
ENSG00000164574,GALNT10
ENSG00000110328,GALNT18
ENSG00000180447,GAS1
ENSG00000105607,GCDH
ENSG00000215644,GCGR
ENSG00000137880,GCHFR
ENSG00000001084,GCLC
ENSG00000119125,GDA
ENSG00000102886,GDPD3
ENSG00000164949,GEM
ENSG00000099998,GGT5
ENSG00000112964,GHR
ENSG00000196329,GIMAP5
ENSG00000133561,GIMAP6
ENSG00000055211,GINM1
ENSG00000187513,GJA4
ENSG00000122694,GLIPR2
ENSG00000124767,GLO1
ENSG00000167699,GLOD4
ENSG00000173221,GLRX
ENSG00000149124,GLYAT
ENSG00000196743,GM2A
ENSG00000130755,GMFG
ENSG00000127920,GNG11
ENSG00000167083,GNGT2
ENSG00000173905,GOLIM4
ENSG00000063660,GPC1
ENSG00000167588,GPD1
ENSG00000277494,GPIHBP1
ENSG00000187037,GPR141
ENSG00000140030,GPR65
ENSG00000167191,GPRC5B
ENSG00000233276,GPX1
ENSG00000164294,GPX8
ENSG00000161835,GRASP
ENSG00000178719,GRINA
ENSG00000148180,GSN
ENSG00000104687,GSR
ENSG00000170899,GSTA4
ENSG00000134184,GSTM1
ENSG00000277656,GSTT1
ENSG00000100577,GSTZ1
ENSG00000044012,GUCA2B
ENSG00000169919,GUSB
ENSG00000145649,GZMA
ENSG00000100453,GZMB
ENSG00000188921,HACD4
ENSG00000116882,HAO2
ENSG00000101336,HCK
ENSG00000140287,HDC
ENSG00000138411,HECW2
ENSG00000173706,HEG1
ENSG00000188175,HEPACAM2
ENSG00000114315,HES1
ENSG00000010704,HFE
ENSG00000180596,HIST1H2BC
ENSG00000188816,HMX2
ENSG00000197757,HOXC6
ENSG00000037965,HOXC8
ENSG00000257017,HP
ENSG00000163106,HPGDS
ENSG00000162040,HS3ST6
ENSG00000276333,HS3ST6
ENSG00000117594,HSD11B1
ENSG00000176387,HSD11B2
ENSG00000203859,HSD3B2
ENSG00000166598,HSP90B1
ENSG00000234475,HSPA1A
ENSG00000237724,HSPA1A
ENSG00000235941,HSPA1A
ENSG00000215328,HSPA1A
ENSG00000204389,HSPA1A
ENSG00000044574,HSPA5
ENSG00000106211,HSPB1
ENSG00000152137,HSPB8
ENSG00000115541,HSPE1
ENSG00000142798,HSPG2
ENSG00000166033,HTRA1
ENSG00000122986,HVCN1
ENSG00000068001,HYAL2
ENSG00000188266,HYKK
ENSG00000108622,ICAM2
ENSG00000125968,ID1
ENSG00000117318,ID3
ENSG00000283060,ID3
ENSG00000160888,IER2
ENSG00000216490,IFI30
ENSG00000137965,IFI44
ENSG00000185885,IFITM1
ENSG00000244242,IFITM10
ENSG00000281618,IFITM10
ENSG00000142089,IFITM3
ENSG00000142166,IFNAR1
ENSG00000115461,IGFBP5
ENSG00000163453,IGFBP7
ENSG00000177663,IL17RA
ENSG00000115607,IL18RAP
ENSG00000125538,IL1B
ENSG00000115590,IL1R2
ENSG00000168685,IL7R
ENSG00000143195,ILDR2
ENSG00000106348,IMPDH1
ENSG00000241644,INMT
ENSG00000168918,INPP5D
ENSG00000281614,INPP5D
ENSG00000027644,INSRR
ENSG00000145703,IQGAP2
ENSG00000276561,IRF7
ENSG00000185507,IRF7
ENSG00000140968,IRF8
ENSG00000170549,IRX1
ENSG00000170561,IRX2
ENSG00000005884,ITGA3
ENSG00000091409,ITGA6
ENSG00000005844,ITGAL
ENSG00000138448,ITGAV
ENSG00000150093,ITGB1
ENSG00000160255,ITGB2
ENSG00000082781,ITGB5
ENSG00000113263,ITK
ENSG00000136156,ITM2B
ENSG00000135916,ITM2C
ENSG00000143772,ITPKB
ENSG00000116679,IVNS1ABP
ENSG00000162434,JAK1
ENSG00000166086,JAM3
ENSG00000132465,JCHAIN
ENSG00000143543,JTB
ENSG00000171223,JUNB
ENSG00000173801,JUP
ENSG00000107104,KANK1
ENSG00000186994,KANK3
ENSG00000180509,KCNE1
ENSG00000151704,KCNJ1
ENSG00000157551,KCNJ15
ENSG00000269821,KCNQ1OT1
ENSG00000128052,KDR
ENSG00000138030,KHK
ENSG00000118263,KLF7
ENSG00000134545,KLRC1
ENSG00000205809,KLRC2
ENSG00000134539,KLRD1
ENSG00000213809,KLRK1
ENSG00000172086,KRCC1
ENSG00000163463,KRTCAP2
ENSG00000198910,L1CAM
ENSG00000179630,LACC1
ENSG00000196976,LAGE3
ENSG00000274110,LAIR1
ENSG00000276163,LAIR1
ENSG00000278154,LAIR1
ENSG00000276053,LAIR1
ENSG00000167613,LAIR1
ENSG00000172037,LAMB2
ENSG00000196878,LAMB3
ENSG00000002549,LAP3
ENSG00000068697,LAPTM4A
ENSG00000104341,LAPTM4B
ENSG00000138709,LARP1B
ENSG00000086730,LAT2
ENSG00000148346,LCN2
ENSG00000169744,LDB2
ENSG00000166816,LDHD
ENSG00000138795,LEF1
ENSG00000106003,LFNG
ENSG00000131981,LGALS3
ENSG00000168961,LGALS9
ENSG00000273706,LHX1
ENSG00000274577,LHX1
ENSG00000113594,LIFR
ENSG00000274914,LILRA5
ENSG00000278355,LILRA5
ENSG00000275404,LILRA5
ENSG00000274113,LILRA5
ENSG00000187116,LILRA5
ENSG00000064042,LIMCH1
ENSG00000072163,LIMS2
ENSG00000189067,LITAF
ENSG00000135363,LMO2
ENSG00000134013,LOXL2
ENSG00000139679,LPAR6
ENSG00000101577,LPIN2
ENSG00000171236,LRG1
ENSG00000123384,LRP1
ENSG00000081479,LRP2
ENSG00000137821,LRRC49
ENSG00000136802,LRRC8A
ENSG00000171488,LRRC8C
ENSG00000124831,LRRFIP1
ENSG00000226182,LST1
ENSG00000231048,LST1
ENSG00000204482,LST1
ENSG00000235915,LST1
ENSG00000223465,LST1
ENSG00000230791,LST1
ENSG00000234514,LST1
ENSG00000206433,LST1
ENSG00000204487,LTB
ENSG00000223448,LTB
ENSG00000227507,LTB
ENSG00000231314,LTB
ENSG00000236925,LTB
ENSG00000238114,LTB
ENSG00000236237,LTB
ENSG00000206437,LTB
ENSG00000049323,LTBP1
ENSG00000167656,LY6D
ENSG00000112799,LY86
ENSG00000254087,LYN
ENSG00000172264,MACROD2
ENSG00000204103,MAFB
ENSG00000187391,MAGI2
ENSG00000198162,MAN1A2
ENSG00000101363,MANBAL
ENSG00000145050,MANF
ENSG00000140941,MAP1LC3B
ENSG00000186868,MAPT
ENSG00000277956,MAPT
ENSG00000276155,MAPT
ENSG00000277443,MARCKS
ENSG00000175130,MARCKSL1
ENSG00000155254,MARVELD1
ENSG00000069020,MAST4
ENSG00000183019,MCEMP1
ENSG00000143384,MCL1
ENSG00000151376,ME3
ENSG00000008838,MED24
ENSG00000081189,MEF2C
ENSG00000134138,MEIS2
ENSG00000112818,MEP1A
ENSG00000153208,MERTK
ENSG00000275031,METRNL
ENSG00000176845,METRNL
ENSG00000140545,MFGE8
ENSG00000152127,MGAT5
ENSG00000074416,MGLL
ENSG00000107745,MICU1
ENSG00000276701,MIF
ENSG00000240972,MIF
ENSG00000100253,MIOX
ENSG00000079277,MKNK1
ENSG00000196549,MME
ENSG00000137745,MMP13
ENSG00000118113,MMP8
ENSG00000100985,MMP9
ENSG00000173269,MMRN2
ENSG00000114978,MOB1A
ENSG00000182208,MOB2
ENSG00000164172,MOCS2
ENSG00000197629,MPEG1
ENSG00000072415,MPP5
ENSG00000133030,MPRIP
ENSG00000275543,MPV17L
ENSG00000156968,MPV17L
ENSG00000260314,MRC1
ENSG00000011028,MRC2
ENSG00000243147,MRPL33
ENSG00000243927,MRPS6
ENSG00000156738,MS4A1
ENSG00000166927,MS4A7
ENSG00000147065,MSN
ENSG00000198736,MSRB1
ENSG00000198804,MT-CO1
ENSG00000170873,MTSS1
ENSG00000013364,MVP
ENSG00000059728,MXD1
ENSG00000123933,MXD4
ENSG00000182534,MXRA7
ENSG00000120279,MYCT1
ENSG00000133026,MYH10
ENSG00000101608,MYL12A
ENSG00000092841,MYL6
ENSG00000065534,MYLK
ENSG00000197879,MYO1C
ENSG00000176658,MYO1D
ENSG00000157483,MYO1E
ENSG00000138119,MYOF
ENSG00000274137,MYOM2
ENSG00000036448,MYOM2
ENSG00000263155,MYZAP
ENSG00000170476,MZB1
ENSG00000138744,NAAA
ENSG00000166886,NAB2
ENSG00000008130,NADK
ENSG00000131400,NAPSA
ENSG00000144035,NAT8
ENSG00000158747,NBL1
ENSG00000188505,NCCRP1
ENSG00000158517,NCF1
ENSG00000275156,NCR1
ENSG00000277442,NCR1
ENSG00000276450,NCR1
ENSG00000278025,NCR1
ENSG00000273535,NCR1
ENSG00000278362,NCR1
ENSG00000275521,NCR1
ENSG00000277334,NCR1
ENSG00000275637,NCR1
ENSG00000189430,NCR1
ENSG00000284113,NCR1
ENSG00000284208,NCR1
ENSG00000078114,NEBL
ENSG00000117691,NENF
ENSG00000132688,NES
ENSG00000227315,NEU1
ENSG00000234343,NEU1
ENSG00000223957,NEU1
ENSG00000227129,NEU1
ENSG00000234846,NEU1
ENSG00000204386,NEU1
ENSG00000228691,NEU1
ENSG00000184494,NEU1
ENSG00000105374,NKG7
ENSG00000275326,NOSTRIN
ENSG00000163072,NOSTRIN
ENSG00000148400,NOTCH1
ENSG00000086991,NOX4
ENSG00000107281,NPDC1
ENSG00000215440,NPEPL1
ENSG00000161270,NPHS1
ENSG00000116218,NPHS2
ENSG00000168743,NPNT
ENSG00000169418,NPR1
ENSG00000113389,NPR3
ENSG00000123358,NR4A1
ENSG00000099250,NRP1
ENSG00000276262,NSF
ENSG00000073969,NSF
ENSG00000278174,NSF
ENSG00000135778,NTPCR
ENSG00000140538,NTRK3
ENSG00000213965,NUDT19
ENSG00000173598,NUDT4
ENSG00000176046,NUPR1
ENSG00000182575,NXPH3
ENSG00000111331,OAS3
ENSG00000180304,OAZ2
ENSG00000105953,OGDH
ENSG00000130558,OLFM1
ENSG00000123240,OPTN
ENSG00000123353,ORMDL2
ENSG00000099985,OSM
ENSG00000083720,OXCT1
ENSG00000165621,OXGR1
ENSG00000171631,P2RY6
ENSG00000090530,P3H2
ENSG00000079462,PAFAH1B3
ENSG00000149269,PAK1
ENSG00000138801,PAPSS1
ENSG00000116117,PARD3B
ENSG00000169116,PARM1
ENSG00000173193,PARP14
ENSG00000102699,PARP4
ENSG00000197702,PARVA
ENSG00000196092,PAX5
ENSG00000185630,PBX1
ENSG00000204304,PBX2
ENSG00000225987,PBX2
ENSG00000232005,PBX2
ENSG00000237344,PBX2
ENSG00000236353,PBX2
ENSG00000206315,PBX2
ENSG00000224952,PBX2
ENSG00000118946,PCDH17
ENSG00000124253,PCK1
ENSG00000081154,PCNP
ENSG00000106333,PCOLCE
ENSG00000112541,PDE10A
ENSG00000186642,PDE2A
ENSG00000184588,PDE4B
ENSG00000100311,PDGFB
ENSG00000120913,PDLIM2
ENSG00000162493,PDPN
ENSG00000088356,PDRG1
ENSG00000174827,PDZK1
ENSG00000162366,PDZK1IP1
ENSG00000261371,PECAM1
ENSG00000115425,PECR
ENSG00000139946,PELI2
ENSG00000179094,PER1
ENSG00000163737,PF4
ENSG00000164708,PGAM2
ENSG00000142657,PGD
ENSG00000008438,PGLYRP1
ENSG00000112137,PHACTR1
ENSG00000282833,PHACTR1
ENSG00000204138,PHACTR4
ENSG00000164530,PI16
ENSG00000153823,PID1
ENSG00000085514,PILRA
ENSG00000150867,PIP4K2A
ENSG00000166908,PIP4K2C
ENSG00000179761,PIPOX
ENSG00000174238,PITPNA
ENSG00000162878,PKDCC
ENSG00000145287,PLAC8
ENSG00000104368,PLAT
ENSG00000121316,PLBD1
ENSG00000182621,PLCB1
ENSG00000138193,PLCE1
ENSG00000120278,PLEKHG1
ENSG00000152527,PLEKHH2
ENSG00000145632,PLK2
ENSG00000152952,PLOD2
ENSG00000102007,PLP2
ENSG00000067113,PLPP1
ENSG00000162407,PLPP3
ENSG00000188313,PLSCR1
ENSG00000163746,PLSCR2
ENSG00000114698,PLSCR4
ENSG00000120594,PLXDC2
ENSG00000039650,PNKP
ENSG00000128567,PODXL
ENSG00000175482,POLD4
ENSG00000115350,POLE4
ENSG00000121851,POLR3GL
ENSG00000110777,POU2AF1
ENSG00000135447,PPP1R1A
ENSG00000131771,PPP1R1B
ENSG00000131238,PPT1
ENSG00000123131,PRDX4
ENSG00000046889,PREX2
ENSG00000180644,PRF1
ENSG00000163932,PRKCD
ENSG00000100033,PRODH
ENSG00000250799,PRODH2
ENSG00000184500,PROS1
ENSG00000205352,PRR13
ENSG00000052344,PRSS8
ENSG00000197746,PSAP
ENSG00000101182,PSMA7
ENSG00000100804,PSMB5
ENSG00000165916,PSMC3
ENSG00000087191,PSMC5
ENSG00000050628,PTGER3
ENSG00000073756,PTGS2
ENSG00000160801,PTH1R
ENSG00000112245,PTP4A1
ENSG00000184489,PTP4A3
ENSG00000275575,PTP4A3
ENSG00000196396,PTPN1
ENSG00000152104,PTPN14
ENSG00000111679,PTPN6
ENSG00000127329,PTPRB
ENSG00000153707,PTPRD
ENSG00000282932,PTPRD
ENSG00000144724,PTPRG
ENSG00000151490,PTPRO
ENSG00000183255,PTTG1IP
ENSG00000274665,PVALB
ENSG00000100362,PVALB
ENSG00000168994,PXDC1
ENSG00000100504,PYGL
ENSG00000198858,R3HDM4
ENSG00000101074,R3HDML
ENSG00000275338,RAB11FIP3
ENSG00000090565,RAB11FIP3
ENSG00000169213,RAB3B
ENSG00000276600,RAB7B
ENSG00000105404,RABAC1
ENSG00000116191,RALGPS2
ENSG00000131477,RAMP2
ENSG00000122679,RAMP3
ENSG00000116473,RAP1A
ENSG00000091428,RAPGEF4
ENSG00000158987,RAPGEF6
ENSG00000173166,RAPH1
ENSG00000131759,RARA
ENSG00000118849,RARRES1
ENSG00000172575,RASGRP1
ENSG00000152689,RASGRP3
ENSG00000105538,RASIP1
ENSG00000122035,RASL11A
ENSG00000153179,RASSF3
ENSG00000153250,RBMS1
ENSG00000168214,RBPJ
ENSG00000157110,RBPMS
ENSG00000139988,RDH12
ENSG00000137710,RDX
ENSG00000076043,REXO2
ENSG00000148908,RGS10
ENSG00000116741,RGS2
ENSG00000132677,RHBG
ENSG00000143878,RHOB
ENSG00000155366,RHOC
ENSG00000126785,RHOJ
ENSG00000158106,RHPN1
ENSG00000188026,RILPL1
ENSG00000101782,RIOK3
ENSG00000151692,RNF144A
ENSG00000178828,RNF186
ENSG00000185008,ROBO2
ENSG00000197958,RPL12
ENSG00000137818,RPLP1
ENSG00000163902,RPN1
ENSG00000105193,RPS16
ENSG00000187051,RPS19BP1
ENSG00000186468,RPS23
ENSG00000198034,RPS4X
ENSG00000134321,RSAD2
ENSG00000115310,RTN4
ENSG00000159216,RUNX1
ENSG00000163191,S100A11
ENSG00000188643,S100A16
ENSG00000196154,S100A4
ENSG00000197956,S100A6
ENSG00000143546,S100A8
ENSG00000163220,S100A9
ENSG00000170989,S1PR1
ENSG00000164483,SAMD3
ENSG00000101347,SAMHD1
ENSG00000111961,SASH1
ENSG00000130066,SAT1
ENSG00000182568,SATB1
ENSG00000126524,SBDS
ENSG00000161929,SCIMP
ENSG00000168447,SCNN1B
ENSG00000166828,SCNN1G
ENSG00000116171,SCP2
ENSG00000169439,SDC2
ENSG00000162512,SDC3
ENSG00000124145,SDC4
ENSG00000128228,SDF2L1
ENSG00000073578,SDHA
ENSG00000166562,SEC11C
ENSG00000101310,SEC23B
ENSG00000058262,SEC61A1
ENSG00000106803,SEC61B
ENSG00000170381,SEMA3E
ENSG00000010319,SEMA3G
ENSG00000092421,SEMA6A
ENSG00000120742,SERP1
ENSG00000242550,SERPINB10
ENSG00000149257,SERPINH1
ENSG00000198818,SFT2D1
ENSG00000118473,SGIP1
ENSG00000118515,SGK1
ENSG00000164023,SGMS2
ENSG00000104611,SH2D4A
ENSG00000131370,SH3BP5
ENSG00000105251,SHD
ENSG00000169291,SHE
ENSG00000178343,SHISA3
ENSG00000184990,SIVA1
ENSG00000162723,SLAMF9
ENSG00000074803,SLC12A1
ENSG00000070915,SLC12A3
ENSG00000158296,SLC13A3
ENSG00000141526,SLC16A3
ENSG00000118596,SLC16A7
ENSG00000124568,SLC17A1
ENSG00000124564,SLC17A3
ENSG00000175003,SLC22A1
ENSG00000197891,SLC22A12
ENSG00000276130,SLC22A18
ENSG00000110628,SLC22A18
ENSG00000197901,SLC22A6
ENSG00000149452,SLC22A8
ENSG00000151729,SLC25A4
ENSG00000091137,SLC26A4
ENSG00000140284,SLC27A2
ENSG00000109667,SLC2A9
ENSG00000136867,SLC31A2
ENSG00000131183,SLC34A1
ENSG00000137700,SLC37A4
ENSG00000281500,SLC37A4
ENSG00000278550,SLC43A2
ENSG00000167703,SLC43A2
ENSG00000134802,SLC43A3
ENSG00000142494,SLC47A1
ENSG00000211584,SLC48A1
ENSG00000080493,SLC4A4
ENSG00000100170,SLC5A1
ENSG00000198743,SLC5A3
ENSG00000262217,SLC5A8
ENSG00000256870,SLC5A8
ENSG00000164363,SLC6A18
ENSG00000174358,SLC6A19
ENSG00000131389,SLC6A6
ENSG00000151012,SLC7A11
ENSG00000164893,SLC7A13
ENSG00000155465,SLC7A7
ENSG00000174640,SLCO2A1
ENSG00000137491,SLCO2B1
ENSG00000166750,SLFN5
ENSG00000124107,SLPI
ENSG00000137834,SMAD6
ENSG00000084070,SMAP2
ENSG00000128602,SMO
ENSG00000166311,SMPD1
ENSG00000173267,SNCG
ENSG00000174365,SNHG11
ENSG00000163788,SNRK
ENSG00000124380,SNRNP27
ENSG00000205302,SNX2
ENSG00000174226,SNX31
ENSG00000120833,SOCS2
ENSG00000184557,SOCS3
ENSG00000140263,SORD
ENSG00000137642,SORL1
ENSG00000171243,SOSTDC1
ENSG00000164736,SOX17
ENSG00000203883,SOX18
ENSG00000124766,SOX4
ENSG00000113140,SPARC
ENSG00000152583,SPARCL1
ENSG00000129128,SPCS3
ENSG00000072195,SPEG
ENSG00000269404,SPIB
ENSG00000115306,SPTBN1
ENSG00000161011,SQSTM1
ENSG00000196935,SRGAP1
ENSG00000122862,SRGN
ENSG00000143742,SRP9
ENSG00000145687,SSBP2
ENSG00000180879,SSR4
ENSG00000149418,ST14
ENSG00000126091,ST3GAL3
ENSG00000064225,ST3GAL6
ENSG00000184005,ST6GALNAC3
ENSG00000160408,ST6GALNAC6
ENSG00000010327,STAB1
ENSG00000035720,STAP1
ENSG00000159167,STC1
ENSG00000072786,STK10
ENSG00000081320,STK17B
ENSG00000104435,STMN2
ENSG00000124222,STX16
ENSG00000137573,SULF1
ENSG00000196502,SULT1A1
ENSG00000171992,SYNPO
ENSG00000011347,SYT7
ENSG00000184292,TACSTD2
ENSG00000177156,TALDO1
ENSG00000135090,TAOK3
ENSG00000213977,TAX1BP3
ENSG00000162065,TBC1D24
ENSG00000145348,TBCK
ENSG00000073861,TBX21
ENSG00000135111,TBX3
ENSG00000118526,TCF21
ENSG00000196628,TCF4
ENSG00000185339,TCN2
ENSG00000162782,TDRD5
ENSG00000120156,TEK
ENSG00000072274,TFRC
ENSG00000105329,TGFB1
ENSG00000120708,TGFBI
ENSG00000106799,TGFBR1
ENSG00000163513,TGFBR2
ENSG00000178726,THBD
ENSG00000005108,THSD7A
ENSG00000066056,TIE1
ENSG00000035862,TIMP2
ENSG00000100234,TIMP3
ENSG00000142910,TINAGL1
ENSG00000104067,TJP1
ENSG00000277401,TJP1
ENSG00000163931,TKT
ENSG00000135926,TMBIM1
ENSG00000172765,TMCC1
ENSG00000057704,TMCC3
ENSG00000184840,TMED9
ENSG00000184988,TMEM106A
ENSG00000144868,TMEM108
ENSG00000110108,TMEM109
ENSG00000139173,TMEM117
ENSG00000168890,TMEM150A
ENSG00000249242,TMEM150C
ENSG00000011638,TMEM159
ENSG00000283997,TMEM159
ENSG00000164325,TMEM174
ENSG00000106565,TMEM176B
ENSG00000131634,TMEM204
ENSG00000198398,TMEM207
ENSG00000234224,TMEM229A
ENSG00000196932,TMEM26
ENSG00000151715,TMEM45B
ENSG00000263160,TMEM50B
ENSG00000142188,TMEM50B
ENSG00000121900,TMEM54
ENSG00000143001,TMEM61
ENSG00000167874,TMEM88
ENSG00000138594,TMOD3
ENSG00000109079,TNFAIP1
ENSG00000145779,TNFAIP8
ENSG00000240505,TNFRSF13B
ENSG00000159958,TNFRSF13C
ENSG00000048462,TNFRSF17
ENSG00000028137,TNFRSF1B
ENSG00000111077,TNS2
ENSG00000173726,TOMM20
ENSG00000184428,TOP1MT
ENSG00000076554,TPD52
ENSG00000140416,TPM1
ENSG00000159713,TPPP3
ENSG00000133112,TPT1
ENSG00000124731,TREM1
ENSG00000188056,TREML4
ENSG00000071575,TRIB2
ENSG00000132481,TRIM47
ENSG00000146054,TRIM7
ENSG00000119121,TRPM6
ENSG00000092439,TRPM7
ENSG00000274348,TRPV5
ENSG00000127412,TRPV5
ENSG00000102804,TSC22D1
ENSG00000196428,TSC22D2
ENSG00000106537,TSPAN13
ENSG00000099282,TSPAN15
ENSG00000156298,TSPAN7
ENSG00000127324,TSPAN8
ENSG00000172425,TTC36
ENSG00000137285,TUBB2B
ENSG00000074966,TXK
ENSG00000153066,TXNDC11
ENSG00000239264,TXNDC5
ENSG00000011600,TYROBP
ENSG00000137831,UACA
ENSG00000119048,UBE2B
ENSG00000175567,UCP2
ENSG00000148154,UGCG
ENSG00000145626,UGT3A1
ENSG00000168671,UGT3A2
ENSG00000169344,UMOD
ENSG00000141161,UNC45B
ENSG00000115446,UNC50
ENSG00000110057,UNC93B1
ENSG00000100024,UPB1
ENSG00000156467,UQCRB
ENSG00000159650,UROC1
ENSG00000130307,USHBP1
ENSG00000274334,VASN
ENSG00000168140,VASN
ENSG00000162692,VCAM1
ENSG00000078668,VDAC3
ENSG00000112715,VEGFA
ENSG00000128218,VPREB3
ENSG00000139722,VPS37B
ENSG00000107738,VSIR
ENSG00000101443,WFDC2
ENSG00000156076,WIF1
ENSG00000122574,WIPF3
ENSG00000060237,WNK1
ENSG00000126562,WNK4
ENSG00000176871,WSB2
ENSG00000184937,WT1
ENSG00000100219,XBP1
ENSG00000101966,XIAP
ENSG00000093217,XYLB
ENSG00000058799,YIPF1
ENSG00000184828,ZBTB7C
ENSG00000160062,ZBTB8A
ENSG00000139168,ZCRB1
ENSG00000148516,ZEB1
ENSG00000128016,ZFP36
ENSG00000141497,ZMYND15
ENSG00000159840,ZYX
ENSG00000285443,ZYX